Code,String (Repr)
0,b'\x00'
1,b'\x01'
2,b'\x02'
3,b'\x03'
4,b'\x04'
5,b'\x05'
6,b'\x06'
7,b'\x07'
8,b'\x08'
9,b'\t'
10,b'\n'
11,b'\x0b'
12,b'\x0c'
13,b'\r'
14,b'\x0e'
15,b'\x0f'
16,b'\x10'
17,b'\x11'
18,b'\x12'
19,b'\x13'
20,b'\x14'
21,b'\x15'
22,b'\x16'
23,b'\x17'
24,b'\x18'
25,b'\x19'
26,b'\x1a'
27,b'\x1b'
28,b'\x1c'
29,b'\x1d'
30,b'\x1e'
31,b'\x1f'
32,b' '
33,b'!'
34,"b'""'"
35,b'#'
36,b'$'
37,b'%'
38,b'&'
39,"b""'"""
40,b'('
41,b')'
42,b'*'
43,b'+'
44,"b','"
45,b'-'
46,b'.'
47,b'/'
48,b'0'
49,b'1'
50,b'2'
51,b'3'
52,b'4'
53,b'5'
54,b'6'
55,b'7'
56,b'8'
57,b'9'
58,b':'
59,b';'
60,b'<'
61,b'='
62,b'>'
63,b'?'
64,b'@'
65,b'A'
66,b'B'
67,b'C'
68,b'D'
69,b'E'
70,b'F'
71,b'G'
72,b'H'
73,b'I'
74,b'J'
75,b'K'
76,b'L'
77,b'M'
78,b'N'
79,b'O'
80,b'P'
81,b'Q'
82,b'R'
83,b'S'
84,b'T'
85,b'U'
86,b'V'
87,b'W'
88,b'X'
89,b'Y'
90,b'Z'
91,b'['
92,b'\\'
93,b']'
94,b'^'
95,b'_'
96,b'`'
97,b'a'
98,b'b'
99,b'c'
100,b'd'
101,b'e'
102,b'f'
103,b'g'
104,b'h'
105,b'i'
106,b'j'
107,b'k'
108,b'l'
109,b'm'
110,b'n'
111,b'o'
112,b'p'
113,b'q'
114,b'r'
115,b's'
116,b't'
117,b'u'
118,b'v'
119,b'w'
120,b'x'
121,b'y'
122,b'z'
123,b'{'
124,b'|'
125,b'}'
126,b'~'
127,b'\x7f'
128,b'\x80'
129,b'\x81'
130,b'\x82'
131,b'\x83'
132,b'\x84'
133,b'\x85'
134,b'\x86'
135,b'\x87'
136,b'\x88'
137,b'\x89'
138,b'\x8a'
139,b'\x8b'
140,b'\x8c'
141,b'\x8d'
142,b'\x8e'
143,b'\x8f'
144,b'\x90'
145,b'\x91'
146,b'\x92'
147,b'\x93'
148,b'\x94'
149,b'\x95'
150,b'\x96'
151,b'\x97'
152,b'\x98'
153,b'\x99'
154,b'\x9a'
155,b'\x9b'
156,b'\x9c'
157,b'\x9d'
158,b'\x9e'
159,b'\x9f'
160,b'\xa0'
161,b'\xa1'
162,b'\xa2'
163,b'\xa3'
164,b'\xa4'
165,b'\xa5'
166,b'\xa6'
167,b'\xa7'
168,b'\xa8'
169,b'\xa9'
170,b'\xaa'
171,b'\xab'
172,b'\xac'
173,b'\xad'
174,b'\xae'
175,b'\xaf'
176,b'\xb0'
177,b'\xb1'
178,b'\xb2'
179,b'\xb3'
180,b'\xb4'
181,b'\xb5'
182,b'\xb6'
183,b'\xb7'
184,b'\xb8'
185,b'\xb9'
186,b'\xba'
187,b'\xbb'
188,b'\xbc'
189,b'\xbd'
190,b'\xbe'
191,b'\xbf'
192,b'\xc0'
193,b'\xc1'
194,b'\xc2'
195,b'\xc3'
196,b'\xc4'
197,b'\xc5'
198,b'\xc6'
199,b'\xc7'
200,b'\xc8'
201,b'\xc9'
202,b'\xca'
203,b'\xcb'
204,b'\xcc'
205,b'\xcd'
206,b'\xce'
207,b'\xcf'
208,b'\xd0'
209,b'\xd1'
210,b'\xd2'
211,b'\xd3'
212,b'\xd4'
213,b'\xd5'
214,b'\xd6'
215,b'\xd7'
216,b'\xd8'
217,b'\xd9'
218,b'\xda'
219,b'\xdb'
220,b'\xdc'
221,b'\xdd'
222,b'\xde'
223,b'\xdf'
224,b'\xe0'
225,b'\xe1'
226,b'\xe2'
227,b'\xe3'
228,b'\xe4'
229,b'\xe5'
230,b'\xe6'
231,b'\xe7'
232,b'\xe8'
233,b'\xe9'
234,b'\xea'
235,b'\xeb'
236,b'\xec'
237,b'\xed'
238,b'\xee'
239,b'\xef'
240,b'\xf0'
241,b'\xf1'
242,b'\xf2'
243,b'\xf3'
244,b'\xf4'
245,b'\xf5'
246,b'\xf6'
247,b'\xf7'
248,b'\xf8'
249,b'\xf9'
250,b'\xfa'
251,b'\xfb'
252,b'\xfc'
253,b'\xfd'
254,b'\xfe'
255,b'\xff'
256,b'\n#'
257,b'# '
258,b' -'
259,b'--'
260,b'-- '
261,b' C'
262,b'CO'
263,b'ON'
264,b'NT'
265,b'TE'
266,b'EN'
267,b'NT '
268,b' O'
269,b'OF'
270,b'F '
271,b' l'
272,b'lz'
273,b'zw'
274,b'w_'
275,b'_a'
276,b'ar'
277,b'rr'
278,b'ra'
279,b'ay'
280,b'y.'
281,b'.p'
282,b'py'
283,b'y '
284,b' --'
285,b'--\n'
286,b'\ni'
287,b'im'
288,b'mp'
289,b'po'
290,b'or'
291,b'rt'
292,b't '
293,b' s'
294,b'sy'
295,b'ys'
296,b's\n'
297,b'\nim'
298,b'mpo'
299,b'ort'
300,b't s'
301,b'st'
302,b'tr'
303,b'ru'
304,b'uc'
305,b'ct'
306,b't\n'
307,b'\nimp'
308,b'por'
309,b'rt '
310,b' t'
311,b'ti'
312,b'ime'
313,b'e\n'
314,b'\nimpo'
315,b'ort '
316,b' o'
317,b'os'
318,b's\ni'
319,b'imp'
320,b'port'
321,b't c'
322,b'cs'
323,b'sv'
324,b'v\n'
325,b'\n\n'
326,b'\n# '
327,b' ='
328,b'=='
329,b'==='
330,b'===='
331,b'====='
332,b'======'
333,b'======='
334,b'========'
335,b'========='
336,b'======\n'
337,b'\n# T'
338,b'TA'
339,b'AS'
340,b'SK'
341,b'K '
342,b' 1'
343,b'1:'
344,b': '
345,b' B'
346,b'BA'
347,b'ASE'
348,b'EL'
349,b'LI'
350,b'IN'
351,b'NE'
352,b'E '
353,b' D'
354,b'DI'
355,b'IC'
356,b'CT'
357,b'TI'
358,b'IO'
359,b'ONA'
360,b'AR'
361,b'RY'
362,b'Y '
363,b' ('
364,b'(A'
365,b'ARR'
366,b'RA'
367,b'AY'
368,b'Y /'
369,b'/ '
370,b' L'
371,b'LIS'
372,b'ST'
373,b'T)'
374,b')\n'
375,b'\n# ='
376,b'=========='
377,b'==========='
378,b'============'
379,b'============\n'
380,b'\n\nc'
381,b'cl'
382,b'la'
383,b'as'
384,b'ss'
385,b's '
386,b' A'
387,b'Ar'
388,b'rra'
389,b'ayD'
390,b'Di'
391,b'ic'
392,b'cti'
393,b'io'
394,b'on'
395,b'na'
396,b'ary'
397,b'y:'
398,b':\n'
399,b'\n '
400,b'  '
401,b'   '
402,"b' ""'"
403,"b'""""'"
404,"b'""""\n'"
405,b'\n  '
406,b'   A'
407,b'A '
408,b' si'
409,b'impl'
410,b'le'
411,b'e '
412,b' d'
413,b'di'
414,b'ict'
415,b'tio'
416,b'ona'
417,b'ary '
418,b' w'
419,b'wr'
420,b'rap'
421,b'pp'
422,b'pe'
423,b'er'
424,b'r '
425,b' th'
426,b'ha'
427,b'at'
428,b't u'
429,b'us'
430,b'se'
431,b'es'
432,b's a'
433,b'a '
434,b' P'
435,b'Py'
436,b'yt'
437,b'th'
438,b'ho'
439,b'on '
440,b' LI'
441,b'IS'
442,b'ST '
443,b' (A'
444,b'Arr'
445,b'ray'
446,b'y)'
447,b') '
448,b' \n'
449,b'\n   '
450,b'  a'
451,b'an'
452,b'nd'
453,b'd '
454,b' Li'
455,b'in'
456,b'ne'
457,b'ea'
458,b'ar '
459,b' S'
460,b'Se'
461,b'ear'
462,b'rc'
463,b'ch'
464,b'h '
465,b' to'
466,b'o '
467,b' st'
468,b'tri'
469,b'ictl'
470,b'ly'
471,b'y a'
472,b'ad'
473,b'dh'
474,b'he'
475,b'ere'
476,b'e t'
477,b'to'
478,b'o T'
479,b'Ta'
480,b'ask'
481,b'k '
482,b' 1 '
483,b' r'
484,b're'
485,b'eq'
486,b'qu'
487,b'ui'
488,b'ir'
489,b'rem'
490,b'me'
491,b'en'
492,b'nt'
493,b'ts'
494,b's.'
495,b'.\n'
496,b'\n    '
497,"b' """"'"
498,"b'""""\n '"
499,b'    '
500,b' de'
501,b'ef'
502,b'f '
503,b' _'
504,b'__'
505,b'_i'
506,b'ini'
507,b'it'
508,b't_'
509,b'__('
510,b'(s'
511,b'sel'
512,b'lf'
513,b'f)'
514,b'):'
515,b':\n '
516,b'     '
517,b'    #'
518,b'# I'
519,b'In'
520,b'ni'
521,b'iti'
522,b'ia'
523,b'al'
524,b'li'
525,b'iz'
526,b'ze'
527,b'e w'
528,b'wi'
529,b'ith'
530,b'h A'
531,b'ASC'
532,b'CI'
533,b'II'
534,b'I '
535,b' 0'
536,b'0-'
537,b'-2'
538,b'25'
539,b'55'
540,b'5\n'
541,b'\n     '
542,b'    s'
543,b'self'
544,b'f.'
545,b'.e'
546,b'ent'
547,b'trie'
548,b'es '
549,b' = '
550,b' ['
551,b'[b'
552,b'by'
553,b'yte'
554,b'es('
555,b'(['
556,b'[i'
557,b'i]'
558,b'])'
559,b') f'
560,b'fo'
561,b'or '
562,b' i'
563,b'i '
564,b' in'
565,b'n '
566,b' ra'
567,b'ang'
568,b'ge'
569,b'e('
570,b'(2'
571,b'256'
572,b'6)'
573,b')]'
574,b']\n'
575,b'\n    \n'
576,b'\n    d'
577,b'de'
578,b'ef '
579,b' se'
580,b'earc'
581,b'ch('
582,b'(se'
583,b'el'
584,"b'lf,'"
585,"b', '"
586,b' b'
587,b'byt'
588,b'te'
589,b'e_'
590,b'_s'
591,b'str'
592,b'ri'
593,b'ing'
594,b'g)'
595,b'):\n'
596,b'\n      '
597,"b'   ""'"
598,"b'""""""'"
599,"b'""\n'"
600,b'\n       '
601,b'  T'
602,b'TAS'
603,b'SK '
604,b' 1 R'
605,b'RE'
606,b'EQ'
607,b'QU'
608,b'UI'
609,b'IR'
610,b'REM'
611,b'ME'
612,b'ENT'
613,b'T:'
614,b': L'
615,b'Li'
616,b'ine'
617,b'ear '
618,b' sea'
619,b'arc'
620,b'ch '
621,b' thr'
622,b'ro'
623,b'ou'
624,b'ug'
625,b'gh'
626,b'h t'
627,b'the'
628,b'e a'
629,b'arr'
630,b'ray.'
631,b'.\n '
632,b'      '
633,b'   R'
634,b'Re'
635,b'et'
636,b'tu'
637,b'ur'
638,b'rn'
639,b'ns'
640,b's i'
641,b'ind'
642,b'dex'
643,b'x '
644,b' if'
645,b'f f'
646,b'fou'
647,b'un'
648,"b'nd,'"
649,"b', -'"
650,b'-1'
651,b'1 '
652,b' if '
653,b' n'
654,b'no'
655,b'ot'
656,b't.'
657,b'.\n  '
658,b'       '
659,"b' """"""'"
660,"b'""\n '"
661,b'        '
662,b' #'
663,b'# In'
664,b'n a'
665,b'a r'
666,b'rea'
667,b'al '
668,b' a'
669,b'arra'
670,b'ay '
671,b' im'
672,b'mpl'
673,b'lem'
674,b'men'
675,b'nta'
676,b'ati'
677,b'ion'
678,"b'n,'"
679,"b', w'"
680,b'we'
681,b'e s'
682,b'sc'
683,b'ca'
684,b'an '
685,b' f'
686,b'fr'
687,b'rom'
688,b'm '
689,b' 0 '
690,b' to '
691,b' e'
692,b'end'
693,b'd.'
694,b'.\n   '
695,b'      #'
696,b'# T'
697,b'Th'
698,b'hi'
699,b'is'
700,b's is'
701,b's O'
702,b'O('
703,b'(N'
704,b'N)'
705,b') w'
706,b'wh'
707,b'her'
708,b're '
709,b' N'
710,b'N '
711,b' is'
712,b's c'
713,b'cu'
714,b'urr'
715,b'ren'
716,b'nt '
717,b' di'
718,b'icti'
719,b'iona'
720,b'ary s'
721,b'si'
722,b'ize'
723,b'e.'
724,b'.\n    '
725,b'     f'
726,b'for'
727,b'r i'
728,b'inde'
729,b'ex'
730,"b'x,'"
731,"b', e'"
732,b'entr'
733,b'ry'
734,b'y i'
735,b'in '
736,b' en'
737,b'nu'
738,b'um'
739,b'mer'
740,b'rat'
741,b'te('
742,b'(sel'
743,b'lf.'
744,b'.en'
745,b'ntr'
746,b'rie'
747,b'es)'
748,b'):\n '
749,b'         '
750,b'    i'
751,b'if'
752,b'f e'
753,b'entry'
754,b'y ='
755,b'== '
756,b' by'
757,b'yte_'
758,b'_st'
759,b'trin'
760,b'ng'
761,b'g:'
762,b':\n  '
763,b'          '
764,b'      r'
765,b'ret'
766,b'tur'
767,b'rn '
768,b' ind'
769,b'dex\n'
770,b'\n        '
771,b' re'
772,b'etu'
773,b'urn'
774,b'n -'
775,b'-1\n'
776,b'\n\n '
777,b'    d'
778,b'def'
779,b'f a'
780,b'add'
781,b'd('
782,b'(self'
783,"b'f,'"
784,"b', b'"
785,b'byte'
786,b'e_s'
787,b'stri'
788,b'ing)'
789,b'):\n  '
790,"b'       ""'"
791,"b'""""""A'"
792,b'Ad'
793,b'dd'
794,b'ds'
795,b's a '
796,b' ne'
797,b'ew'
798,b'w '
799,b' str'
800,b'rin'
801,b'ng '
802,b' to t'
803,b'the '
804,b' end'
805,b'd o'
806,b'of'
807,b'f t'
808,b'the a'
809,b'array'
810,"b'y.""'"
811,"b'""""""\n'"
812,b'\n        i'
813,b'if '
814,b' le'
815,b'en('
816,b'(self.'
817,b'.ent'
818,b'tries'
819,b's)'
820,b') <'
821,b'< '
822,b' 6'
823,b'65'
824,b'553'
825,b'36'
826,b'6:'
827,b': #'
828,b'# H'
829,b'Ha'
830,b'ard'
831,b'd l'
832,b'lim'
833,b'mi'
834,b'it '
835,b' fo'
836,b'or 1'
837,b'16'
838,b'6-'
839,b'-b'
840,b'bi'
841,b'it c'
842,b'co'
843,b'od'
844,b'des'
845,b's\n '
846,b'           '
847,b'  s'
848,b'self.'
849,b'.entr'
850,b'ries'
851,b's.a'
852,b'ap'
853,b'ppe'
854,b'end('
855,b'(b'
856,b'byte_'
857,b'_str'
858,b'ring'
859,b'g)\n'
860,b'\n         '
861,b'    r'
862,b'retu'
863,b'urn '
864,b' len'
865,b'n('
866,b'(self.e'
867,b'entri'
868,b'ie'
869,b'es) '
870,b' - '
871,b' 1\n'
872,b'\n        r'
873,b'retur'
874,b'rn -'
875,b'-1 '
876,b' # '
877,b' Di'
878,b'ictio'
879,b'onar'
880,b'ry '
881,b' fu'
882,b'ul'
883,b'll'
884,b'l\n'
885,b'\n\n  '
886,b'   d'
887,b'def '
888,b' g'
889,b'get'
890,b't_e'
891,b'entry('
892,"b'(self,'"
893,"b', i'"
894,b'index'
895,b'x)'
896,b'):\n   '
897,b'      i'
898,b'if 0'
899,b'0 '
900,b' <'
901,b'<='
902,b'= '
903,b' inde'
904,b'ex '
905,b' < '
906,b' len('
907,b'(self.en'
908,b'ntri'
909,b'ies'
910,b's):'
911,b':\n   '
912,b'          r'
913,b'return'
914,b'n s'
915,b'self.e'
916,b'entrie'
917,b'es['
918,b'[in'
919,b'nde'
920,b'ex]'
921,b']\n '
922,b'        r'
923,b'return '
924,b' No'
925,b'one'
926,b'e\n\n'
927,b'\n    de'
928,b'ef s'
929,b'siz'
930,b'ze('
931,b'(self)'
932,b'):\n    '
933,b'     r'
934,b'return l'
935,b'len'
936,b'n(s'
937,b'self.en'
938,b'ntrie'
939,b'es)\n'
940,b'\n\n   '
941,b'  d'
942,b'def d'
943,b'du'
944,b'ump'
945,b'p_'
946,b'_t'
947,b'to_'
948,b'_c'
949,b'csv'
950,b'v('
951,"b'(self, '"
952,b' fi'
953,b'il'
954,b'lena'
955,b'am'
956,b'me)'
957,b'):\n     '
958,"b'    ""'"
959,"b'""""""G'"
960,b'Ge'
961,b'ene'
962,b'era'
963,b'ate'
964,b'es t'
965,b'the r'
966,b'req'
967,b'qui'
968,b'ire'
969,b'ed'
970,b'd C'
971,b'CS'
972,b'SV'
973,b'V '
974,b' fil'
975,b'le '
976,b' of'
977,b'f th'
978,b'he '
979,b' fin'
980,b'nal'
981,b'l '
982,b' dic'
983,b'ctio'
984,b'onary'
985,"b'y.""""'"
986,"b'""""\n  '"
987,b'       t'
988,b'try'
989,b'y:\n'
990,b'\n          '
991,b'   w'
992,b'wit'
993,b'th '
994,b' op'
995,b'pen'
996,b'n(f'
997,b'fi'
998,b'ile'
999,b'ena'
1000,b'ame'
1001,"b'e,'"
1002,"b"", '"""
1003,"b""'w"""
1004,"b""w'"""
1005,"b""',"""
1006,"b', n'"
1007,b'new'
1008,b'wl'
1009,b'lin'
1010,b'ne='
1011,"b""='"""
1012,"b""''"""
1013,"b""', """
1014,b' enc'
1015,b'cod'
1016,b'din'
1017,b'ng='
1018,"b""='u"""
1019,b'ut'
1020,b'tf'
1021,b'f-'
1022,b'-8'
1023,"b""8'"""
1024,"b""')"""
1025,b') a'
1026,b'as '
1027,b' f:'
1028,b':\n    '
1029,b'            '
1030,b'  w'
1031,b'wri'
1032,b'ite'
1033,b'er '
1034,b' = c'
1035,b'csv.'
1036,b'.w'
1037,b'writ'
1038,b'ter'
1039,b'r('
1040,b'(f'
1041,b'f)\n'
1042,b'\n           '
1043,b'      w'
1044,b'write'
1045,b'er.'
1046,b'.wr'
1047,b'rit'
1048,b'tero'
1049,b'ow'
1050,b'w('
1051,"b'([""'"
1052,"b'""C'"
1053,b'Co'
1054,b'ode'
1055,"b'e""'"
1056,"b'"",'"
1057,"b', ""'"
1058,"b'""S'"
1059,b'St'
1060,b'tring'
1061,b'g '
1062,b' (R'
1063,b'Rep'
1064,b'pr'
1065,b'r)'
1066,"b')""'"
1067,"b'""]'"
1068,b'])\n'
1069,b'\n            '
1070,b'     fo'
1071,b'or c'
1072,b'code'
1073,"b'e, '"
1074,b' ent'
1075,b'try '
1076,b' in '
1077,b' enu'
1078,b'ume'
1079,b'erat'
1080,b'te(s'
1081,b'self.ent'
1082,b'tries)'
1083,b'):\n      '
1084,b'             '
1085,b'   wr'
1086,b'rite'
1087,b'er.w'
1088,b'writer'
1089,b'row'
1090,b'w(['
1091,b'[c'
1092,"b'code,'"
1093,"b', r'"
1094,b'rep'
1095,b'pr('
1096,b'(e'
1097,b'entry)'
1098,b')])'
1099,b')\n '
1100,b'            p'
1101,b'pri'
1102,b'int'
1103,b't('
1104,"b'(f""'"
1105,"b'""['"
1106,b'[L'
1107,b'Lo'
1108,b'og'
1109,b'g]'
1110,b'] '
1111,b' Dic'
1112,b'ction'
1113,b'nar'
1114,b'ry d'
1115,b'dum'
1116,b'mpe'
1117,b'ed '
1118,b' to {'
1119,b'{f'
1120,b'fil'
1121,b'lenam'
1122,b'me}'
1123,"b'}""'"
1124,"b'"")'"
1125,b')\n  '
1126,b'       e'
1127,b'exc'
1128,b'ce'
1129,b'ep'
1130,b'pt'
1131,b't E'
1132,b'Ex'
1133,b'xc'
1134,b'cep'
1135,b'pti'
1136,b'ion '
1137,b' as'
1138,b's e'
1139,b'e:'
1140,b':\n     '
1141,b'        p'
1142,b'prin'
1143,b'nt('
1144,"b'(f""['"
1145,b'[E'
1146,b'Er'
1147,b'rro'
1148,b'or]'
1149,b'] C'
1150,b'Cou'
1151,b'uld'
1152,b'd n'
1153,b'not'
1154,b't d'
1155,b'dump'
1156,b'p '
1157,b' dict'
1158,b'tion'
1159,b'nary'
1160,b'y: '
1161,b' {'
1162,b'{e'
1163,b'e}'
1164,"b'}"")'"
1165,b')\n\n'
1166,b'\n# =='
1167,b'============='
1168,b'=============='
1169,b'==============='
1170,b'==\n'
1171,b'\n# C'
1172,b'COM'
1173,b'MP'
1174,b'PR'
1175,b'RES'
1176,b'SS'
1177,b'SO'
1178,b'OR'
1179,b'R\n'
1180,b'\n# ==='
1181,b'================'
1182,b'================='
1183,b'=========\n'
1184,b'\n\nd'
1185,b'def l'
1186,b'lzw'
1187,b'w_c'
1188,b'com'
1189,b'mpr'
1190,b'res'
1191,b'ss('
1192,b'(i'
1193,b'inp'
1194,b'pu'
1195,b'ut_'
1196,b'_p'
1197,b'pa'
1198,b'ath'
1199,"b'h,'"
1200,"b', o'"
1201,b'out'
1202,b'tp'
1203,b'put'
1204,b't_p'
1205,b'pat'
1206,"b'th,'"
1207,"b', c'"
1208,b'csv_'
1209,b'_pa'
1210,b'ath)'
1211,b'):\n    p'
1212,b'print'
1213,b't(f'
1214,"b'f""'"
1215,"b'""-'"
1216,b'---'
1217,b'- '
1218,b' St'
1219,b'ta'
1220,b'art'
1221,b'tin'
1222,b'ng C'
1223,b'Com'
1224,b'mpre'
1225,b'ess'
1226,b'sio'
1227,b'on:'
1228,b': {'
1229,b'{i'
1230,b'inpu'
1231,b'ut_p'
1232,b'path'
1233,b'h}'
1234,b'} '
1235,b' ---'
1236,"b'-""'"
1237,"b'"")\n'"
1238,b'\n    \n '
1239,b'    # '
1240,b' I'
1241,b'Ini'
1242,b'itia'
1243,b'ali'
1244,b'ize '
1245,b' Dict'
1246,b'tiona'
1247,b'ary\n'
1248,b'\n    di'
1249,b'iction'
1250,b'nary '
1251,b' = A'
1252,b'Arra'
1253,b'ayDi'
1254,b'ictiona'
1255,b'ary('
1256,b'()'
1257,b')\n   '
1258,b'  \n'
1259,b'\n    #'
1260,b'# M'
1261,b'Me'
1262,b'etr'
1263,b'ric'
1264,b'cs '
1265,b' sta'
1266,b'art\n'
1267,b'\n    s'
1268,b'sta'
1269,b'art_'
1270,b'_ti'
1271,b'ime '
1272,b' = t'
1273,b'tim'
1274,b'me.'
1275,b'.t'
1276,b'time'
1277,b'e()'
1278,b')\n    '
1279,b' \n '
1280,b'    # R'
1281,b'Rea'
1282,b'ad '
1283,b' enti'
1284,b'ire '
1285,b' inp'
1286,b'put '
1287,b' file'
1288,b'e as'
1289,b's b'
1290,b'bytes'
1291,b's\n  '
1292,b'   t'
1293,b'try:'
1294,b':\n      '
1295,b'   wi'
1296,b'ith '
1297,b' ope'
1298,b'en(i'
1299,b'input'
1300,b't_pa'
1301,"b'ath,'"
1302,"b"", 'r"""
1303,b'rb'
1304,"b""b'"""
1305,"b""') """
1306,b' as '
1307,b' f:\n'
1308,b'\n            d'
1309,b'da'
1310,b'ata'
1311,b'a ='
1312,b'= f'
1313,b'f.r'
1314,b'read'
1315,b'd()'
1316,b')\n    e'
1317,b'exce'
1318,b'ept'
1319,b't F'
1320,b'Fi'
1321,b'ileN'
1322,b'No'
1323,b'otF'
1324,b'Fo'
1325,b'oun'
1326,b'ndE'
1327,b'Err'
1328,b'ror'
1329,b'r:'
1330,b':\n       '
1331,b'  p'
1332,b'print('
1333,"b'(""'"
1334,"b'""I'"
1335,b'Inp'
1336,b'put f'
1337,b'file'
1338,b'e n'
1339,b'not '
1340,b' fou'
1341,b'und'
1342,"b'd.""'"
1343,"b'"")\n '"
1344,b'        re'
1345,b'etur'
1346,b'rn\n'
1347,b'\n\n    '
1348,b' if n'
1349,b'not d'
1350,b'dat'
1351,b'ta:'
1352,b':\n        '
1353,b' p'
1354,"b'print(""'"
1355,"b'""E'"
1356,b'Em'
1357,b'mpt'
1358,b'ty'
1359,b'y f'
1360,b'file.'
1361,"b'.""'"
1362,"b'"")\n  '"
1363,b'       r'
1364,b'return\n'
1365,b'\n\n    c'
1366,b'comp'
1367,b'pre'
1368,b'esse'
1369,b'ed_'
1370,b'_co'
1371,b'odes'
1372,b's ='
1373,b'= ['
1374,b'[]'
1375,b']\n  '
1376,b'   \n'
1377,b'\n    # '
1378,b' LZ'
1379,b'ZW'
1380,b'W '
1381,b' Lo'
1382,b'ogi'
1383,b'ic\n'
1384,b'\n    P'
1385,b'P '
1386,b' = b'
1387,b'bytes('
1388,b'([d'
1389,b'data'
1390,b'a['
1391,b'[0'
1392,b'0]'
1393,b']]'
1394,b'])\n '
1395,b'    \n'
1396,b'\n    # P'
1397,b'Pr'
1398,b'rog'
1399,b'gr'
1400,b'ress'
1401,b's ba'
1402,b'ar h'
1403,b'hel'
1404,b'lp'
1405,b'per'
1406,b'rs'
1407,b's\n   '
1408,b'  t'
1409,b'tot'
1410,b'tal'
1411,b'l_'
1412,b'_b'
1413,b'bytes '
1414,b' = l'
1415,b'len('
1416,b'(d'
1417,b'data)'
1418,b')\n    \n'
1419,b'\n    f'
1420,b'for '
1421,b' i '
1422,b' in r'
1423,b'ran'
1424,b'nge'
1425,b'e(1'
1426,"b'1,'"
1427,"b', t'"
1428,b'tota'
1429,b'al_'
1430,b'_by'
1431,b'ytes'
1432,b's):\n'
1433,b'\n        C'
1434,b'C '
1435,b' = by'
1436,b'ytes('
1437,b'([da'
1438,b'ata['
1439,b'[i]'
1440,b']])'
1441,b')\n     '
1442,b'    P'
1443,b'P_'
1444,b'_pl'
1445,b'lu'
1446,b'us_'
1447,b'_C'
1448,b'C ='
1449,b'= P'
1450,b'P +'
1451,b'+ '
1452,b' C\n'
1453,b'\n        \n'
1454,b'\n        #'
1455,b'# TA'
1456,b'ASK'
1457,b'K 1'
1458,b'1: '
1459,b' Lin'
1460,b'nea'
1461,b'ar S'
1462,b'Sea'
1463,b'arch'
1464,b'h f'
1465,b'for P'
1466,b'P + '
1467,b' C\n '
1468,b'        i'
1469,b'id'
1470,b'dx'
1471,b'x ='
1472,b'= d'
1473,b'dic'
1474,b'ctiona'
1475,b'ary.'
1476,b'.s'
1477,b'sea'
1478,b'arch('
1479,b'(P'
1480,b'P_p'
1481,b'pl'
1482,b'lus'
1483,b's_'
1484,b'_C)'
1485,b')\n      '
1486,b'   \n '
1487,b'        if'
1488,b'f i'
1489,b'idx'
1490,b'x !'
1491,b'!='
1492,b'= -'
1493,b'-1:'
1494,b':\n         '
1495,b'    # F'
1496,b'Fou'
1497,b'und:'
1498,b': e'
1499,b'ext'
1500,b'ten'
1501,b'nd '
1502,b' pr'
1503,b'ref'
1504,b'fix'
1505,b'x\n'
1506,b'\n            P'
1507,b'P ='
1508,b'= P_'
1509,b'_plu'
1510,b'us_C'
1511,b'C\n'
1512,b'\n        e'
1513,b'els'
1514,b'se:'
1515,b':\n          '
1516,b'   #'
1517,b'# N'
1518,b'Not'
1519,b't f'
1520,b'foun'
1521,b'nd:'
1522,b': \n'
1523,b'\n            #'
1524,b'# 1'
1525,b'1.'
1526,b'. '
1527,b' Ou'
1528,b'utp'
1529,b'put c'
1530,b'code '
1531,b' for'
1532,b'r P'
1533,b'P\n'
1534,b'\n            p'
1535,b'p_c'
1536,b'code ='
1537,b'= di'
1538,b'ictionar'
1539,b'ry.'
1540,b'.se'
1541,b'earch'
1542,b'h('
1543,b'(P)'
1544,b') #'
1545,b'# W'
1546,b'We'
1547,b'e k'
1548,b'kn'
1549,b'now'
1550,b'w P'
1551,b'P i'
1552,b'is '
1553,b' in d'
1554,b'dict'
1555,b't\n '
1556,b'            c'
1557,b'compr'
1558,b'resse'
1559,b'ed_c'
1560,b'codes'
1561,b's.ap'
1562,b'ppen'
1563,b'nd('
1564,b'(p'
1565,b'p_co'
1566,b'ode)'
1567,b')\n       '
1568,b'      \n'
1569,b'\n            # '
1570,b' 2'
1571,b'2.'
1572,b'. A'
1573,b'Add'
1574,b'd P'
1575,b'P + C'
1576,b'C t'
1577,b'to '
1578,b' dicti'
1579,b'ionar'
1580,b'ry\n'
1581,b'\n            di'
1582,b'ictionary'
1583,b'y.a'
1584,b'add('
1585,b'(P_'
1586,b'_plus'
1587,b's_C'
1588,b'C)'
1589,b')\n        '
1590,b'     \n'
1591,b'\n            # 3'
1592,b'3.'
1593,b'. R'
1594,b'Res'
1595,b'set'
1596,b't P'
1597,b'P t'
1598,b'to C'
1599,b'C\n '
1600,b'            P'
1601,b'P = '
1602,b' C\n  '
1603,b'           \n'
1604,b'\n        # '
1605,b' Si'
1606,b'imple'
1607,b'e p'
1608,b'pro'
1609,b'ogr'
1610,b'ress '
1611,b' lo'
1612,b'og '
1613,b' for '
1614,b' la'
1615,b'arg'
1616,b'ge '
1617,b' files'
1618,b's ('
1619,b'(ev'
1620,b've'
1621,b'ery'
1622,b'y 1'
1623,b'10'
1624,b'00'
1625,b'00 '
1626,b' byt'
1627,b'tes'
1628,b's)\n'
1629,b'\n        if'
1630,b'f i '
1631,b' %'
1632,b'% '
1633,b' 10'
1634,b'000'
1635,b'0 ='
1636,b'== 0'
1637,b'0:'
1638,b':\n           '
1639,b'  sy'
1640,b'ys.'
1641,b'.st'
1642,b'td'
1643,b'do'
1644,b'out.'
1645,b'.wri'
1646,b'ite('
1647,"b'(f""\\'"
1648,b'\\r'
1649,b'rC'
1650,b'Comp'
1651,b'pres'
1652,b'ssi'
1653,b'ing:'
1654,b': {i'
1655,b'i}'
1656,b'}/'
1657,b'/{'
1658,b'{t'
1659,b'total'
1660,b'l_b'
1661,b'bytes}'
1662,b'} b'
1663,"b'bytes""'"
1664,"b'"")\n   '"
1665,b'          s'
1666,b'sys'
1667,b's.s'
1668,b'std'
1669,b'dou'
1670,b'ut.'
1671,b'.f'
1672,b'fl'
1673,b'lush'
1674,b'h()'
1675,b')\n\n '
1676,b'    # O'
1677,b'Ou'
1678,b'utpu'
1679,b'ut '
1680,b' c'
1681,b'code f'
1682,b'for t'
1683,b'the l'
1684,b'las'
1685,b'st '
1686,b' P\n'
1687,b'\n    p'
1688,b'p_cod'
1689,b'de '
1690,b' = d'
1691,b'dicti'
1692,b'ionary'
1693,b'y.s'
1694,b'sear'
1695,b'rch'
1696,b'h(P'
1697,b'P)'
1698,b')\n    c'
1699,b'compre'
1700,b'essed'
1701,b'd_'
1702,b'_cod'
1703,b'des.'
1704,b'.a'
1705,b'app'
1706,b'pend'
1707,b'd(p'
1708,b'p_code'
1709,b'e)'
1710,b')\n    \n '
1711,b'    p'
1712,b'print(f'
1713,"b'f""\\'"
1714,b'\\rC'
1715,b'Compr'
1716,b'ressi'
1717,b'ing: '
1718,b' {t'
1719,b'total_'
1720,b'_byt'
1721,b'tes}'
1722,b'}/{'
1723,b'{to'
1724,b'ota'
1725,b'al_b'
1726,b'bytes} '
1727,b' byte'
1728,b'es -'
1729,b'- D'
1730,b'Do'
1731,b'one.'
1732,"b'."")'"
1733,b')\n\n  '
1734,b'   # '
1735,b' W'
1736,b'Wr'
1737,b'rite '
1738,b' bi'
1739,b'ina'
1740,b'ary o'
1741,b'outp'
1742,b'put fi'
1743,b'ile '
1744,b' (1'
1745,b'16-'
1746,b'-bi'
1747,b'it B'
1748,b'Bi'
1749,b'ig'
1750,b'g E'
1751,b'En'
1752,b'ndi'
1753,b'ian'
1754,b'n)'
1755,b')\n    w'
1756,b'with'
1757,b'h o'
1758,b'op'
1759,b'pen('
1760,b'(o'
1761,b'outpu'
1762,b'ut_pa'
1763,"b'ath, '"
1764,"b"" '"""
1765,"b""'wb"""
1766,"b""b')"""
1767,b') as'
1768,b's f'
1769,b'f:'
1770,b':\n        f'
1771,b'for c'
1772,b'code i'
1773,b'in c'
1774,b'compres'
1775,b'sse'
1776,b'ed_co'
1777,b'odes:'
1778,b':\n            '
1779,b' f.'
1780,b'.writ'
1781,b'te(st'
1782,b'tru'
1783,b'uct'
1784,b't.p'
1785,b'pac'
1786,b'ck'
1787,b'k('
1788,"b""('"""
1789,"b""'>"""
1790,b'>H'
1791,"b""H'"""
1792,"b""', c"""
1793,b'code)'
1794,b'))'
1795,b')\n\n   '
1796,b'  #'
1797,b'# Me'
1798,b'etri'
1799,b'ics'
1800,b's en'
1801,b'nd\n'
1802,b'\n    e'
1803,b'end_'
1804,b'_tim'
1805,b'me '
1806,b' = ti'
1807,b'ime.'
1808,b'.ti'
1809,b'ime('
1810,b'()\n'
1811,b'\n    du'
1812,b'ura'
1813,b'atio'
1814,b'on ='
1815,b'= e'
1816,b'end_t'
1817,b'time '
1818,b' - s'
1819,b'star'
1820,b'rt_'
1821,b'_time'
1822,b'e\n '
1823,b'    in'
1824,b'np'
1825,b'put_'
1826,b'_si'
1827,b'ize ='
1828,b'= o'
1829,b'os.'
1830,b'.pa'
1831,b'ath.'
1832,b'.g'
1833,b'gets'
1834,b'size'
1835,b'e(i'
1836,b'input_'
1837,b'_pat'
1838,b'th)'
1839,b')\n    o'
1840,b'output'
1841,b't_s'
1842,b'size '
1843,b' = o'
1844,b'os.p'
1845,b'path.'
1846,b'.ge'
1847,b'ets'
1848,b'size('
1849,b'(ou'
1850,b'utput'
1851,b't_pat'
1852,b'th)\n'
1853,b'\n    c'
1854,b'compress'
1855,b'sion'
1856,b'n_'
1857,b'_r'
1858,b'rati'
1859,b'io '
1860,b' = i'
1861,b'input_s'
1862,b'size /'
1863,b'/ o'
1864,b'output_'
1865,b'_siz'
1866,b'ze '
1867,b' if o'
1868,b'output_s'
1869,b'size >'
1870,b'> '
1871,b' 0 e'
1872,b'else'
1873,b'e 0'
1874,b'0\n'
1875,b'\n    t'
1876,b'thr'
1877,b'rou'
1878,b'ugh'
1879,b'hp'
1880,b'put ='
1881,b'= ('
1882,b'(in'
1883,b'npu'
1884,b'ut_s'
1885,b'size / '
1886,b' 102'
1887,b'24'
1888,b'4 '
1889,b' /'
1890,b'/ 1'
1891,b'102'
1892,b'24)'
1893,b') /'
1894,b'/ d'
1895,b'dur'
1896,b'ratio'
1897,b'on i'
1898,b'if d'
1899,b'dura'
1900,b'ation'
1901,b'n >'
1902,b'> 0'
1903,b'0 e'
1904,b'else '
1905,b' 0\n'
1906,b'\n    \n  '
1907,b'   # L'
1908,b'Log'
1909,b'g M'
1910,b'Met'
1911,b'tric'
1912,b'cs\n'
1913,b'\n    pr'
1914,b'rint'
1915,"b't(""'"
1916,"b'""\\'"
1917,b'\\n'
1918,b'n['
1919,b'[C'
1920,b'Compre'
1921,b'essi'
1922,b'ion M'
1923,b'Metr'
1924,b'rics'
1925,b's]'
1926,"b']""'"
1927,"b'"")\n    '"
1928,b' pri'
1929,b'int('
1930,"b'(f""T'"
1931,b'Ti'
1932,b'ime T'
1933,b'Tak'
1934,b'ke'
1935,b'en:'
1936,b': {d'
1937,b'durat'
1938,b'tion:'
1939,b':.'
1940,b'.4'
1941,b'4f'
1942,b'f}'
1943,b'} s'
1944,b'sec'
1945,b'con'
1946,b'nds'
1947,"b's""'"
1948,"b'"")\n    p'"
1949,"b'print(f""'"
1950,"b'""O'"
1951,b'Or'
1952,b'rig'
1953,b'gi'
1954,b'inal'
1955,b'l S'
1956,b'Si'
1957,b'ize:'
1958,b': {in'
1959,b'nput'
1960,b't_si'
1961,b'ize}'
1962,b'} by'
1963,"b'ytes""'"
1964,"b'"")\n    pr'"
1965,b'rint('
1966,"b'(f""C'"
1967,b'Compres'
1968,b'ssed'
1969,b'd S'
1970,b'Siz'
1971,b'ze:'
1972,b': {o'
1973,b'output_si'
1974,b'ize} '
1975,b' bytes'
1976,"b's"")'"
1977,b')\n    p'
1978,"b'print(f""C'"
1979,b'Compress'
1980,b'sion '
1981,b' R'
1982,b'Ra'
1983,b'atio:'
1984,b': {c'
1985,b'compressi'
1986,b'ion_'
1987,b'_ra'
1988,b'atio:.'
1989,b'.2'
1990,b'2f'
1991,"b'f}""'"
1992,"b'"")\n    pri'"
1993,b'int(f'
1994,"b'f""T'"
1995,b'Thr'
1996,b'roug'
1997,b'ghp'
1998,b'put:'
1999,b': {t'
2000,b'thro'
2001,b'oug'
2002,b'ghpu'
2003,b'ut:'
2004,b':.2'
2005,b'2f}'
2006,b'} M'
2007,b'MB'
2008,b'B/'
2009,b'/s'
2010,"b's"")\n'"
2011,b'\n    pri'
2012,"b'int(f""'"
2013,"b'""P'"
2014,b'Pe'
2015,b'eak'
2016,b'k D'
2017,b'Dic'
2018,b'ctionar'
2019,b'ry S'
2020,b'Size'
2021,b'e: '
2022,b' {d'
2023,b'dictio'
2024,b'onary.'
2025,b'.si'
2026,b'ize('
2027,b'()}'
2028,b'} e'
2029,b'entries'
2030,"b's"")\n '"
2031,b'    \n '
2032,b'    # D'
2033,b'Du'
2034,b'ump '
2035,b' Dicti'
2036,b'ionary '
2037,b' CS'
2038,b'SV\n'
2039,b'\n    dic'
2040,b'ctionary'
2041,b'y.d'
2042,b'dump_'
2043,b'_to'
2044,b'o_'
2045,b'_cs'
2046,b'sv('
2047,b'(c'
2048,b'csv_p'
2049,b'path)'
2050,b')\n\n#'
2051,b'# ='
2052,b'=================='
2053,b'==================='
2054,b'=======\n'
2055,b'\n# D'
2056,b'DE'
2057,b'EC'
2058,b'COMP'
2059,b'PRE'
2060,b'ES'
2061,b'SSO'
2062,b'OR\n'
2063,b'\n# ===='
2064,b'===================='
2065,b'====================\n'
2066,b'\n\nde'
2067,b'ef l'
2068,b'lzw_'
2069,b'_d'
2070,b'dec'
2071,b'compress('
2072,b'(inp'
2073,b'put_p'
2074,"b'path,'"
2075,"b', ou'"
2076,b'utput_'
2077,b'_path'
2078,"b'h, '"
2079,b' cs'
2080,b'sv_'
2081,b'_path)'
2082,b'):\n    pr'
2083,b'rint(f'
2084,"b'f""\\n'"
2085,b'n-'
2086,b'--- '
2087,b' Sta'
2088,b'arti'
2089,b'ing '
2090,b' De'
2091,b'ec'
2092,b'compressio'
2093,b'on: '
2094,b' {i'
2095,b'input_p'
2096,b'path}'
2097,b'} -'
2098,"b'---""'"
2099,"b'"")\n    \n'"
2100,b'\n    # I'
2101,b'Init'
2102,b'tia'
2103,b'aliz'
2104,b'ze D'
2105,b'Dict'
2106,b'tionar'
2107,b'ry ('
2108,b'(S'
2109,b'Sa'
2110,b'ame '
2111,b' ini'
2112,b'itial'
2113,b'l s'
2114,b'stat'
2115,b'te '
2116,b' as c'
2117,b'compresso'
2118,b'or)'
2119,b')\n    d'
2120,b'diction'
2121,b'nary ='
2122,b'= A'
2123,b'Array'
2124,b'yD'
2125,b'Dicti'
2126,b'ionary('
2127,b'()\n '
2128,b'    \n  '
2129,b'   s'
2130,b'start'
2131,b't_t'
2132,b'time ='
2133,b'= t'
2134,b'time.'
2135,b'.tim'
2136,b'me('
2137,b'()\n  '
2138,b'   \n  '
2139,b'   de'
2140,b'eco'
2141,b'om'
2142,b'mpres'
2143,b'ssed_'
2144,b'_da'
2145,b'ata '
2146,b' = byt'
2147,b'tea'
2148,b'array('
2149,b'()\n   '
2150,b'  \n '
2151,b'    # Re'
2152,b'ead'
2153,b'd c'
2154,b'compresse'
2155,b'ed f'
2156,b'file\n'
2157,b'\n    tr'
2158,b'ry:'
2159,b':\n        w'
2160,b'with '
2161,b' open'
2162,b'n(i'
2163,b'input_pa'
2164,"b""ath, '"""
2165,"b""'r"""
2166,"b""rb'"""
2167,"b""') a"""
2168,b'as f'
2169,b'f:\n'
2170,b'\n            c'
2171,b'compressed'
2172,b'd_d'
2173,b'data '
2174,b' = f'
2175,b'f.re'
2176,b'ead('
2177,b'()\n    '
2178,b' ex'
2179,b'xce'
2180,b'ept '
2181,b' F'
2182,b'Fil'
2183,b'leN'
2184,b'NotF'
2185,b'Foun'
2186,b'ndEr'
2187,b'rror'
2188,b'r:\n'
2189,b'\n        p'
2190,"b'print(""C'"
2191,b'Compresse'
2192,b'ed fi'
2193,b'ile n'
2194,b'not f'
2195,b'found'
2196,"b'd."")'"
2197,b')\n        r'
2198,b'return\n\n'
2199,b'\n    # U'
2200,b'Un'
2201,b'npa'
2202,b'ac'
2203,b'ck '
2204,b' 16'
2205,b'6-b'
2206,b'bit'
2207,b't co'
2208,b'odes\n'
2209,b'\n    co'
2210,b'odes '
2211,b' = ['
2212,b'[]\n'
2213,b'\n    fo'
2214,b'or i'
2215,b'i i'
2216,b'in r'
2217,b'rang'
2218,b'ge('
2219,b'(0'
2220,"b'0,'"
2221,"b', l'"
2222,b'len(c'
2223,b'compressed_'
2224,b'_dat'
2225,b'ta)'
2226,"b'),'"
2227,"b', 2'"
2228,b'2)'
2229,b'):\n       '
2230,b'  c'
2231,b'chu'
2232,b'unk'
2233,b'k ='
2234,b'= c'
2235,b'compressed_d'
2236,b'data['
2237,b'[i:'
2238,b':i'
2239,b'i+'
2240,b'+2'
2241,b'2]'
2242,b']\n   '
2243,b'      if'
2244,b'f l'
2245,b'len(ch'
2246,b'hu'
2247,b'unk)'
2248,b') ='
2249,b'== 2'
2250,b'2:'
2251,b':\n            c'
2252,b'codes.'
2253,b'.ap'
2254,b'ppend'
2255,b'd(s'
2256,b'stru'
2257,b'uct.'
2258,b'.u'
2259,b'unp'
2260,b'pack'
2261,"b""k('"""
2262,"b""'>H"""
2263,"b""H',"""
2264,"b', ch'"
2265,b'hun'
2266,b'nk'
2267,b'k)'
2268,b')['
2269,b'[0]'
2270,b'])\n\n'
2271,b'\n    i'
2272,b'if n'
2273,b'not c'
2274,b'codes:'
2275,b':\n        p'
2276,"b'print(""E'"
2277,b'Emp'
2278,b'pty'
2279,b'y c'
2280,b'compressed '
2281,b' file.'
2282,"b'."")\n'"
2283,b'\n        re'
2284,b'eturn'
2285,b'n\n'
2286,b'\n\n    #'
2287,b'# L'
2288,b'LZ'
2289,b'ZW '
2290,b' Dec'
2291,b'compression'
2292,b'n L'
2293,b'Logi'
2294,b'ic\n '
2295,b'    \n   '
2296,b'  # '
2297,b' H'
2298,b'Han'
2299,b'ndl'
2300,b'le f'
2301,b'fir'
2302,b'rst'
2303,b't cod'
2304,b'de\n'
2305,b'\n    O'
2306,b'OL'
2307,b'LD'
2308,b'D_'
2309,b'_CO'
2310,b'OD'
2311,b'DE '
2312,b' = co'
2313,b'odes['
2314,b'[0]\n'
2315,b'\n    OL'
2316,b'LD_'
2317,b'_S'
2318,b'STR'
2319,b'RI'
2320,b'ING'
2321,b'G '
2322,b' = di'
2323,b'ictionary.'
2324,b'.get'
2325,b't_en'
2326,b'ntry'
2327,b'y('
2328,b'(O'
2329,b'OLD'
2330,b'D_C'
2331,b'COD'
2332,b'DE)'
2333,b')\n    de'
2334,b'ecom'
2335,b'mpress'
2336,b'sed'
2337,b'd_da'
2338,b'ata.'
2339,b'.ex'
2340,b'xt'
2341,b'tend'
2342,b'd(O'
2343,b'OLD_'
2344,b'_ST'
2345,b'TR'
2346,b'RIN'
2347,b'NG'
2348,b'G)'
2349,b')\n    \n  '
2350,b'   f'
2351,b'for i'
2352,b'i in'
2353,b'n r'
2354,b'range'
2355,"b'e(1,'"
2356,"b', le'"
2357,b'en(c'
2358,b'codes)'
2359,b')):'
2360,b':\n        N'
2361,b'NEW'
2362,b'W_'
2363,b'_COD'
2364,b'DE ='
2365,b'= co'
2366,b'odes[i'
2367,b'i]\n'
2368,b'\n        \n '
2369,b'        #'
2370,b'# C'
2371,b'Ch'
2372,b'hec'
2373,b'ck f'
2374,b'for T'
2375,b'TRI'
2376,b'ICK'
2377,b'KY'
2378,b'Y C'
2379,b'CA'
2380,b'ASE:'
2381,b': C'
2382,b'Cod'
2383,b'de n'
2384,b'not i'
2385,b'in d'
2386,b'dictiona'
2387,b'ary y'
2388,b'ye'
2389,b'et\n'
2390,b'\n        if '
2391,b' NE'
2392,b'EW'
2393,b'W_C'
2394,b'CODE'
2395,b'E >'
2396,b'>='
2397,b'= dic'
2398,b'ctionary.'
2399,b'.siz'
2400,b'ze()'
2401,b'):\n        '
2402,b'     #'
2403,b'# R'
2404,b'Ru'
2405,b'ule'
2406,b'e: S'
2407,b'Str'
2408,b'ring '
2409,b' = O'
2410,b'OLD_S'
2411,b'STRI'
2412,b'ING '
2413,b' +'
2414,b'+ F'
2415,b'Fir'
2416,b'rstC'
2417,b'Cha'
2418,b'ar('
2419,b'(OL'
2420,b'LD_S'
2421,b'STRIN'
2422,b'NG)'
2423,b')\n         '
2424,b'    c'
2425,b'cha'
2426,b'ar_'
2427,b'_to_'
2428,b'_ad'
2429,b'dd '
2430,b' = byte'
2431,b'es(['
2432,b'[O'
2433,b'OLD_ST'
2434,b'TRIN'
2435,b'NG['
2436,b'[0]]'
2437,b'])\n  '
2438,b'           S'
2439,b'STRING'
2440,b'G ='
2441,b'= O'
2442,b'OLD_STR'
2443,b'RING'
2444,b'G +'
2445,b'+ c'
2446,b'char'
2447,b'r_'
2448,b'_to_a'
2449,b'add\n'
2450,b'\n        el'
2451,b'ls'
2452,b'se:\n'
2453,b'\n            # N'
2454,b'Nor'
2455,b'rm'
2456,b'ma'
2457,b'al C'
2458,b'Ca'
2459,b'ase'
2460,b'e\n  '
2461,b'           ST'
2462,b'TRING'
2463,b'G = '
2464,b' dictio'
2465,b'onary.g'
2466,b'get_'
2467,b'_e'
2468,b'entry(N'
2469,b'NEW_'
2470,b'_CODE'
2471,b'E)'
2472,b')\n        \n'
2473,b'\n        d'
2474,b'deco'
2475,b'omp'
2476,b'press'
2477,b'sed_'
2478,b'_data'
2479,b'a.'
2480,b'.ext'
2481,b'tend('
2482,b'(ST'
2483,b'TRING)'
2484,b')\n        \n '
2485,b'        # '
2486,b' U'
2487,b'Up'
2488,b'pd'
2489,b'date'
2490,b'e D'
2491,b'Dictio'
2492,b'onary\n'
2493,b'\n        # R'
2494,b'Rul'
2495,b'le:'
2496,b': A'
2497,b'Add '
2498,b' OL'
2499,b'LD_ST'
2500,b'TRING '
2501,b' + '
2502,b' Fi'
2503,b'irs'
2504,b'stC'
2505,b'Char'
2506,b'r(S'
2507,b'STRING)'
2508,b')\n        c'
2509,b'char_'
2510,b'_to_ad'
2511,b'dd ='
2512,b'= b'
2513,b'bytes(['
2514,b'[S'
2515,b'STRING['
2516,b'[0]])'
2517,b')\n        d'
2518,b'dictionar'
2519,b'ry.a'
2520,b'add(O'
2521,b'OLD_STRI'
2522,b'ING +'
2523,b'+ ch'
2524,b'har'
2525,b'r_t'
2526,b'to_a'
2527,b'add)'
2528,b')\n        \n  '
2529,b'       O'
2530,b'OLD_C'
2531,b'CODE '
2532,b' = N'
2533,b'NEW_C'
2534,b'CODE\n'
2535,b'\n        O'
2536,b'OLD_STRIN'
2537,b'NG '
2538,b' = S'
2539,b'STRING\n'
2540,b'\n\n    # '
2541,b' Wr'
2542,b'rite o'
2543,b'output\n'
2544,b'\n    w'
2545,b'with o'
2546,b'ope'
2547,b'en(o'
2548,b'output_p'
2549,"b'path, '"
2550,"b"" 'w"""
2551,b'wb'
2552,"b""b') """
2553,b' as f'
2554,b'f:\n '
2555,b'        f'
2556,b'f.w'
2557,b'write('
2558,b'(de'
2559,b'ecomp'
2560,b'presse'
2561,b'ed_d'
2562,b'data)\n'
2563,b'\n\n    # M'
2564,b'Metri'
2565,b'ics\n'
2566,b'\n    en'
2567,b'nd_'
2568,b'_time '
2569,b' = tim'
2570,b'me.t'
2571,b'time('
2572,b'()\n    d'
2573,b'durati'
2574,b'ion ='
2575,b'= en'
2576,b'nd_t'
2577,b'time -'
2578,b'- s'
2579,b'start_'
2580,b'_time\n'
2581,b'\n    o'
2582,b'output_siz'
2583,b'ze ='
2584,b'= os'
2585,b's.p'
2586,b'path.g'
2587,b'getsi'
2588,b'ize(o'
2589,b'output_pa'
2590,b'ath)\n'
2591,b'\n    th'
2592,b'hr'
2593,b'rough'
2594,b'hpu'
2595,b'ut ='
2596,b'= (o'
2597,b'output_size'
2598,b'e /'
2599,b'/ 10'
2600,b'02'
2601,b'24 '
2602,b' / '
2603,b' 1024'
2604,b'4)'
2605,b') / '
2606,b' du'
2607,b'urat'
2608,b'tion '
2609,b' if d'
2610,b'duratio'
2611,b'on >'
2612,b'> 0 '
2613,b' el'
2614,b'lse'
2615,b'e 0\n'
2616,b'\n\n    p'
2617,"b'print(""['"
2618,b'[D'
2619,b'De'
2620,b'ecompr'
2621,b'ressio'
2622,b'on M'
2623,b'Metric'
2624,b'cs]'
2625,"b']"")'"
2626,b')\n    pr'
2627,"b'rint(f""'"
2628,"b'""T'"
2629,b'Tim'
2630,b'me T'
2631,b'Take'
2632,b'en: '
2633,b' {du'
2634,b'urati'
2635,b'ion:'
2636,b':.4'
2637,b'4f}'
2638,b'} se'
2639,b'econ'
2640,"b'nds""'"
2641,"b'"")\n    prin'"
2642,b'nt(f'
2643,"b'f""Th'"
2644,b'hro'
2645,b'ough'
2646,b'hput'
2647,b't:'
2648,b': {th'
2649,b'hrou'
2650,b'ughp'
2651,b'put:.'
2652,b'.2f'
2653,b'f} '
2654,b' M'
2655,b'MB/'
2656,"b'/s""'"
2657,"b'"")\n    \n '"
2658,b'    # Du'
2659,b'ump D'
2660,b'Diction'
2661,b'nary f'
2662,b'for v'
2663,b'ver'
2664,b'rif'
2665,b'fic'
2666,b'cat'
2667,b'tion ('
2668,b'(Op'
2669,b'ptio'
2670,b'onal'
2671,"b'l,'"
2672,"b', bu'"
2673,b'ut g'
2674,b'go'
2675,b'oo'
2676,b'od '
2677,b' for d'
2678,b'deb'
2679,b'bu'
2680,b'ugg'
2681,b'gin'
2682,b'ng)'
2683,b')\n    di'
2684,b'ictionary.d'
2685,b'dump_t'
2686,b'to_c'
2687,b'csv('
2688,b'(cs'
2689,b'sv_p'
2690,b'path)\n'
2691,b'\n\n#'
2692,b'# =='
2693,b'====================='
2694,b'=====================\n'
2695,b'\n# M'
2696,b'MA'
2697,b'AI'
2698,b'IN '
2699,b' E'
2700,b'EX'
2701,b'XE'
2702,b'ECU'
2703,b'UT'
2704,b'TIO'
2705,b'ON\n'
2706,b'\n# ====='
2707,b'======================'
2708,b'=================\n'
2709,b'\n\ni'
2710,b'if _'
2711,b'__n'
2712,b'nam'
2713,b'me_'
2714,b'__ '
2715,b' =='
2716,"b'= ""'"
2717,"b'""_'"
2718,b'__m'
2719,b'mai'
2720,b'in_'
2721,"b'__""'"
2722,"b'"":'"
2723,b':\n    #'
2724,b'# Cr'
2725,b'reat'
2726,b'te a'
2727,b'a d'
2728,b'dumm'
2729,b'my'
2730,b'y t'
2731,b'test'
2732,b't fi'
2733,b'ile i'
2734,b'if ne'
2735,b'ee'
2736,b'ede'
2737,b'ed\n'
2738,b'\n    te'
2739,b'est'
2740,b't_i'
2741,b'input '
2742,"b' = ""'"
2743,"b'""e'"
2744,b'eng'
2745,b'gl'
2746,b'lis'
2747,b'sh'
2748,b'h.'
2749,b'.tx'
2750,"b'xt""'"
2751,"b'""\n  '"
2752,b'   i'
2753,b'if no'
2754,b'ot '
2755,b' os'
2756,b's.pa'
2757,b'ath.e'
2758,b'exi'
2759,b'ist'
2760,b'ts('
2761,b'(t'
2762,b'test_'
2763,b'_in'
2764,b'nput)'
2765,b'):\n        w'
2766,b'with op'
2767,b'pen(t'
2768,b'test_i'
2769,"b'input,'"
2770,"b', ""w'"
2771,"b'w""'"
2772,"b'"") '"
2773,b' as f:'
2774,b':\n            #'
2775,b'# Cre'
2776,b'eat'
2777,b'te a '
2778,b' rep'
2779,b'pet'
2780,b'tit'
2781,b'tiv'
2782,b've '
2783,b' stri'
2784,b'ing t'
2785,b'to e'
2786,b'ens'
2787,b'su'
2788,b'ure'
2789,b'e c'
2790,b'compression '
2791,b' wo'
2792,b'ork'
2793,b'ks'
2794,b's\n    '
2795,b'         f'
2796,b'f.wr'
2797,b'rite('
2798,"b'(""A'"
2799,b'AB'
2800,b'BAB'
2801,b'BABA'
2802,b'ABA'
2803,b'ABAB'
2804,b'BABAB'
2805,"b'B""'"
2806,"b'"" '"
2807,b' *'
2808,b'* '
2809,b' 5'
2810,b'50'
2811,b'0 +'
2812,"b'+ ""'"
2813,"b'""CD'"
2814,b'DEF'
2815,b'FG'
2816,"b'G""'"
2817,"b'"" *'"
2818,b'* 2'
2819,b'20'
2820,b'0)'
2821,b')\n    \n   '
2822,b'  co'
2823,b'ompr'
2824,b'ressed'
2825,b'd_f'
2826,b'file '
2827,"b' = ""t'"
2828,b'test_o'
2829,b'output.'
2830,b'.l'
2831,"b'lzw""'"
2832,"b'""\n   '"
2833,b'  de'
2834,b'ecompre'
2835,b'essed_'
2836,b'_f'
2837,b'file ='
2838,"b'= ""t'"
2839,b'test_r'
2840,b'rest'
2841,b'tor'
2842,b'red'
2843,b'd.t'
2844,b'tx'
2845,"b'xt""\n'"
2846,b'\n    com'
2847,b'mp_'
2848,b'_csv'
2849,b'v '
2850,"b' = ""d'"
2851,b'dict_'
2852,b'_com'
2853,b'mpresso'
2854,b'or.'
2855,b'.c'
2856,"b'csv""'"
2857,"b'""\n    '"
2858,b' dec'
2859,b'comp_'
2860,b'_csv '
2861,"b' = ""di'"
2862,b'ict_'
2863,b'_de'
2864,b'ecompres'
2865,b'sso'
2866,b'or.c'
2867,"b'csv""\n'"
2868,b'\n\n    # 1'
2869,b'1. '
2870,b' Co'
2871,b'ompre'
2872,b'ess\n'
2873,b'\n    l'
2874,b'lzw_c'
2875,b'compress(t'
2876,b'test_in'
2877,"b'nput,'"
2878,"b', co'"
2879,b'ompres'
2880,b'ssed_f'
2881,"b'file,'"
2882,"b', com'"
2883,b'mp_c'
2884,b'csv)'
2885,b')\n    \n    '
2886,b' # 2'
2887,b'2. '
2888,b' Deco'
2889,b'ompress'
2890,b's\n    l'
2891,b'lzw_d'
2892,b'decom'
2893,b'mpress('
2894,b'(co'
2895,b'ompresse'
2896,b'ed_f'
2897,"b'file, '"
2898,b' deco'
2899,b'ompressed'
2900,b'd_fi'
2901,"b'ile,'"
2902,"b', d'"
2903,b'decomp'
2904,b'p_cs'
2905,b'sv)'
2906,b')\n    \n    #'
2907,b'# 3'
2908,b'3. '
2909,b' V'
2910,b'Ve'
2911,b'eri'
2912,b'ifi'
2913,b'ica'
2914,b'ation\n'
2915,b'\n    prin'
2916,"b'nt(""'"
2917,"b'""\\n'"
2918,b'n--'
2919,b'-- V'
2920,b'Ver'
2921,b'rifi'
2922,b'icat'
2923,b'tion -'
2924,"b'---"")'"
2925,b')\n    wi'
2926,b'ith o'
2927,b'open'
2928,b'n(t'
2929,b'test_inp'
2930,"b'put,'"
2931,"b"", 'rb"""
2932,"b""b') a"""
2933,b'as f1'
2934,"b'1, '"
2935,b' open('
2936,b'(dec'
2937,b'compressed_f'
2938,"b""file, '"""
2939,"b""'rb"""
2940,"b""b') as"""
2941,b's f2'
2942,b'2:\n'
2943,b'\n        if f'
2944,b'f1'
2945,b'1.r'
2946,b'read('
2947,b'() '
2948,b' == '
2949,b' f2'
2950,b'2.r'
2951,b'read()'
2952,b'):\n         '
2953,b'    pr'
2954,"b'rint(""'"
2955,"b'""SU'"
2956,b'UC'
2957,b'CC'
2958,b'CE'
2959,b'ESS'
2960,b'S:'
2961,b': D'
2962,b'Dec'
2963,b'compressed f'
2964,b'file m'
2965,b'mat'
2966,b'tc'
2967,b'che'
2968,b'es o'
2969,b'ori'
2970,b'igi'
2971,b'inal '
2972,b' exa'
2973,b'act'
2974,b'tl'
2975,b'ly!'
2976,"b'!""'"
2977,"b'"")\n     '"
2978,b'    e'
2979,b'else:'
2980,b':\n            p'
2981,"b'print(""F'"
2982,b'FA'
2983,b'AIL'
2984,b'LU'
2985,b'UR'
2986,b'RE:'
2987,b': F'
2988,b'File'
2989,b'es d'
2990,b'do '
2991,b' no'
2992,b'ot m'
2993,b'matc'
2994,b'ch.'
